method,silhouette,calinski_harabasz,davies_bouldin,ari,nmi,purity
beta-vae+kmeans,0.2531674802303314,216.96294002182952,1.1062096213638941,0.053483976809313584,0.133030042998008,0.745
