method,silhouette,calinski_harabasz,davies_bouldin,ari,nmi,purity
vae+kmeans,0.46168678998947144,514.3694609243379,0.6502517698207686,,,
pca+kmeans,0.23702199757099152,125.20725156149149,1.5737123616494615,,,
